{
  "cluster_1": {
    "size": 696,
    "percentage": 20.75134168157424,
    "demographics": {
      "age_distribution": {
        "1": 467,
        "2": 229
      },
      "gender_distribution": {
        "25": 27,
        "48": 26,
        "45": 26,
        "28": 24,
        "47": 22,
        "27": 22,
        "36": 21,
        "49": 21,
        "29": 21,
        "51": 18,
        "50": 18,
        "26": 17,
        "43": 17,
        "24": 17,
        "52": 16,
        "38": 15,
        "46": 15,
        "37": 15,
        "41": 15,
        "57": 15,
        "44": 14,
        "23": 14,
        "31": 14,
        "33": 14,
        "59": 14,
        "54": 12,
        "56": 12,
        "42": 12,
        "32": 11,
        "58": 11,
        "53": 11,
        "22": 11,
        "30": 11,
        "67": 11,
        "61": 10,
        "62": 10,
        "60": 10,
        "55": 10,
        "40": 9,
        "64": 8,
        "63": 7,
        "35": 7,
        "21": 7,
        "39": 6,
        "68": 6,
        "34": 6,
        "66": 5,
        "65": 5,
        "71": 5,
        "72": 5,
        "73": 4,
        "69": 4,
        "20": 3,
        "75": 2,
        "19": 2,
        "77": 1,
        "74": 1,
        "78": 1,
        "79": 1,
        "70": 1
      }
    },
    "satisfaction_metrics": {
      "ux_satisfaction": {
        "mean": 7.139906609195402,
        "std": 0.8842535110708624,
        "median": 7.25
      },
      "content_satisfaction": {
        "mean": 7.121647509578543,
        "std": 0.9050267823941474,
        "median": 7.0
      },
      "price_satisfaction": {
        "mean": 7.316091954022989,
        "std": 1.1458148871266547,
        "median": 7.0
      },
      "continue_intention": {
        "mean": 7.9238505747126435,
        "std": 1.1117191822712629,
        "median": 8.0
      },
      "nps_score": {
        "mean": 7.32183908045977,
        "std": 1.0373652610623751,
        "median": 7.0
      }
    },
    "service_preferences": {
      "main_services": {
        "5": 454,
        "17": 82,
        "9": 44,
        "11": 34,
        "4": 23
      },
      "avg_service_count": 1.7227011494252873
    }
  },
  "cluster_2": {
    "size": 601,
    "percentage": 17.91890280262373,
    "demographics": {
      "age_distribution": {
        "1": 590,
        "2": 11
      },
      "gender_distribution": {
        "46": 26,
        "54": 22,
        "28": 21,
        "43": 21,
        "52": 20,
        "58": 19,
        "50": 18,
        "42": 18,
        "29": 17,
        "39": 17,
        "24": 17,
        "35": 15,
        "44": 15,
        "51": 15,
        "41": 14,
        "26": 13,
        "47": 13,
        "40": 12,
        "53": 12,
        "45": 12,
        "31": 12,
        "57": 12,
        "37": 11,
        "36": 11,
        "32": 11,
        "56": 11,
        "49": 10,
        "64": 10,
        "38": 10,
        "23": 10,
        "34": 10,
        "59": 10,
        "48": 9,
        "62": 8,
        "33": 8,
        "25": 8,
        "20": 7,
        "30": 7,
        "61": 7,
        "66": 7,
        "22": 7,
        "55": 7,
        "65": 6,
        "27": 6,
        "70": 5,
        "68": 5,
        "67": 5,
        "63": 5,
        "60": 5,
        "21": 5,
        "18": 4,
        "69": 3,
        "71": 3,
        "73": 2,
        "74": 2,
        "19": 2,
        "77": 1,
        "72": 1,
        "82": 1
      }
    },
    "satisfaction_metrics": {
      "ux_satisfaction": {
        "mean": 8.738352745424292,
        "std": 0.8738203659963243,
        "median": 8.75
      },
      "content_satisfaction": {
        "mean": 8.87188019966722,
        "std": 0.8417588484579733,
        "median": 9.0
      },
      "price_satisfaction": {
        "mean": 9.121464226289518,
        "std": 0.943515687452047,
        "median": 9.0
      },
      "continue_intention": {
        "mean": 9.447587354409318,
        "std": 0.7286963263983766,
        "median": 10.0
      },
      "nps_score": {
        "mean": 8.910149750415973,
        "std": 0.9959485315705012,
        "median": 9.0
      }
    },
    "service_preferences": {
      "main_services": {
        "5": 135,
        "17": 122,
        "11": 99,
        "22": 70,
        "20": 50
      },
      "avg_service_count": 3.8502495840266224
    }
  },
  "cluster_3": {
    "size": 499,
    "percentage": 14.877757901013716,
    "demographics": {
      "age_distribution": {
        "1": 303,
        "2": 196
      },
      "gender_distribution": {
        "53": 20,
        "50": 20,
        "57": 20,
        "54": 18,
        "60": 18,
        "52": 16,
        "45": 16,
        "26": 15,
        "49": 15,
        "51": 15,
        "46": 15,
        "59": 14,
        "47": 13,
        "55": 13,
        "44": 13,
        "62": 13,
        "61": 13,
        "56": 12,
        "48": 12,
        "33": 11,
        "41": 11,
        "35": 10,
        "29": 9,
        "36": 9,
        "38": 9,
        "68": 9,
        "27": 8,
        "64": 8,
        "58": 8,
        "43": 8,
        "39": 8,
        "28": 8,
        "37": 8,
        "23": 7,
        "40": 7,
        "63": 6,
        "65": 6,
        "32": 6,
        "42": 6,
        "67": 5,
        "66": 5,
        "25": 4,
        "31": 4,
        "22": 4,
        "34": 4,
        "73": 3,
        "24": 2,
        "74": 2,
        "20": 2,
        "21": 2,
        "30": 2,
        "75": 1,
        "70": 1,
        "77": 1,
        "69": 1,
        "71": 1,
        "76": 1,
        "18": 1
      }
    },
    "satisfaction_metrics": {
      "ux_satisfaction": {
        "mean": 5.703156312625251,
        "std": 0.9905572280810659,
        "median": 5.625
      },
      "content_satisfaction": {
        "mean": 5.346025384101537,
        "std": 1.243122674272373,
        "median": 5.333333333333333
      },
      "price_satisfaction": {
        "mean": 5.0,
        "std": 1.368022640081333,
        "median": 5.0
      },
      "continue_intention": {
        "mean": 5.498997995991984,
        "std": 1.5835179552041105,
        "median": 6.0
      },
      "nps_score": {
        "mean": 4.88376753507014,
        "std": 1.4306305775657113,
        "median": 5.0
      }
    },
    "service_preferences": {
      "main_services": {
        "9": 106,
        "5": 85,
        "22": 69,
        "17": 62,
        "20": 49
      },
      "avg_service_count": 1.7434869739478958
    }
  },
  "cluster_0": {
    "size": 675,
    "percentage": 20.125223613595708,
    "demographics": {
      "age_distribution": {
        "2": 675
      },
      "gender_distribution": {
        "26": 39,
        "28": 37,
        "25": 31,
        "29": 31,
        "22": 31,
        "27": 28,
        "35": 28,
        "24": 27,
        "23": 20,
        "32": 19,
        "31": 18,
        "33": 16,
        "47": 16,
        "30": 15,
        "45": 15,
        "42": 15,
        "41": 14,
        "44": 14,
        "51": 13,
        "52": 13,
        "50": 13,
        "21": 13,
        "43": 13,
        "34": 12,
        "20": 12,
        "38": 12,
        "55": 12,
        "37": 11,
        "54": 11,
        "53": 10,
        "40": 10,
        "48": 10,
        "39": 10,
        "36": 8,
        "57": 8,
        "59": 7,
        "56": 7,
        "49": 6,
        "63": 6,
        "46": 6,
        "58": 6,
        "61": 5,
        "19": 4,
        "18": 3,
        "60": 3,
        "64": 3,
        "71": 2,
        "62": 2,
        "69": 2,
        "65": 2,
        "66": 2,
        "72": 1,
        "74": 1,
        "76": 1,
        "78": 1
      }
    },
    "satisfaction_metrics": {
      "ux_satisfaction": {
        "mean": 8.599444444444444,
        "std": 0.9444142491439613,
        "median": 8.625
      },
      "content_satisfaction": {
        "mean": 8.658765432098766,
        "std": 0.9504385595328477,
        "median": 8.666666666666666
      },
      "price_satisfaction": {
        "mean": 8.780740740740741,
        "std": 1.1397521918371862,
        "median": 9.0
      },