service,from_existing,from_nonuser,from_residual,residual_ratio,total_inflow,nonuser_ratio,novelty,BlueOceanScore,estimated_sales,arpu,eps,tau,nonuser_mass,residual_mass,segment_id,segment_size,segment_ratio,avg_satisfaction,service_id
new5,134801.13235836878,13972.415769722274,471.0930434757199,0.0031565156361906942,149244.64117156676,0.09362088755776524,0.036290514670374696,0.0005070661594716809,179093569.40588012,1200,0.2,0.1,0.1,0.05,0,675,0.20125223613595708,5.0,segment_0_service_5
new4,82767.1059852719,13173.842658068743,386.7940926065371,0.004015396620128574,96327.74273594718,0.13676062870258232,0.119887400233045,0.0015793777473550488,154124388.3775155,1600,0.2,0.1,0.1,0.05,1,696,0.2075134168157424,5.0,segment_1_service_4
new1,117088.9281981555,13746.681510687544,422.9021614872381,0.0032219027586189715,131258.5118703303,0.10472982905876484,0.051804870929171964,0.0007121450613656029,196887767.80549544,1500,0.2,0.1,0.1,0.05,2,601,0.17918902802623732,5.0,segment_2_service_1
new1,80515.57420113802,14330.283936156455,391.0227544661341,0.004105791273346535,95236.88089176061,0.15046989991664286,0.21251280525433147,0.0030453688393636915,142855321.3376409,1500,0.2,0.1,0.1,0.05,3,499,0.14877757901013716,5.0,segment_3_service_1
new4,104055.03598930543,12444.65049244255,408.98834913858354,0.0034983575832178647,116908.67483088658,0.10644762256046672,0.1713416956886442,0.002132287517627628,187053879.72941852,1600,0.2,0.1,0.1,0.05,4,883,0.26326774001192604,5.0,segment_4_service_4
